{
    "train_loss": [
        7310.0216796875,
        11922.323828125,
        4165.712109375
    ],
    "val_loss": [
        5677.734375,
        3460.722900390625,
        3327.12744140625
    ],
    "lr": [
        0.001,
        0.001,
        0.0005
    ],
    "timestamp": "20250113_160836"
}