{
    "train_loss": [
        11248.9306640625,
        4843.34326171875,
        6806.23076171875
    ],
    "val_loss": [
        8742.53125,
        6942.0068359375,
        7912.240234375
    ],
    "lr": [
        0.001,
        0.001,
        0.0005
    ],
    "timestamp": "20250113_160417"
}