{
    "train_loss": [
        15868.203125,
        9757.045068359375,
        NaN
    ],
    "val_loss": [
        12540.2783203125,
        NaN,
        NaN
    ],
    "lr": [
        0.001,
        0.001,
        0.0005
    ],
    "timestamp": "20250113_160422"
}