{
    "train_loss": [
        3966.14150390625,
        6116.218359375,
        4976.251708984375
    ],
    "val_loss": [
        4315.0224609375,
        5935.541015625,
        2840.100830078125
    ],
    "lr": [
        0.001,
        0.001,
        0.0005
    ],
    "timestamp": "20250113_170707"
}