{
    "train_loss": [
        8165.1615234375,
        6324.0599609375,
        7954.959765625
    ],
    "val_loss": [
        3709.2763671875,
        5006.73388671875,
        15865.216796875
    ],
    "lr": [
        0.001,
        0.001,
        0.0005
    ],
    "timestamp": "20250113_160542"
}