{
    "train_loss": [
        32096.98671875,
        17815.527734375,
        17003.003515625
    ],
    "val_loss": [
        25180.96875,
        22433.9609375,
        10439.734375
    ],
    "lr": [
        0.001,
        0.001,
        0.0005
    ],
    "timestamp": "20250113_160421"
}