{
    "train_loss": [
        8779.41533203125,
        6642.17939453125,
        5749.357421875
    ],
    "val_loss": [
        9165.7958984375,
        6867.55126953125,
        7565.13671875
    ],
    "lr": [
        0.001,
        0.001,
        0.0005
    ],
    "timestamp": "20250113_160546"
}