{
    "train_loss": [
        9529.2466796875,
        3909.5279296875,
        8201.4708984375
    ],
    "val_loss": [
        6096.46630859375,
        9719.736328125,
        10549.23046875
    ],
    "lr": [
        0.001,
        0.001,
        0.0005
    ],
    "timestamp": "20250113_160420"
}