{
    "train_loss": [
        4070.118994140625,
        1417.431884765625,
        903.912109375
    ],
    "val_loss": [
        2068.31640625,
        1388.443603515625,
        1146.901123046875
    ],
    "lr": [
        0.001,
        0.001,
        0.0005
    ],
    "timestamp": "20250113_160541"
}