{
    "train_loss": [
        9531.548828125,
        3911.8306640625,
        8203.7732421875
    ],
    "val_loss": [
        6098.7685546875,
        9722.0380859375,
        10551.53125
    ],
    "lr": [
        0.001,
        0.001,
        0.0005
    ],
    "timestamp": "20250113_170708"
}