{
    "train_loss": [
        3963.83857421875,
        6113.91640625,
        4973.9494140625
    ],
    "val_loss": [
        4312.7197265625,
        5933.2392578125,
        2837.88330078125
    ],
    "lr": [
        0.001,
        0.001,
        0.0005
    ],
    "timestamp": "20250113_160418"
}