{
    "train_loss": [
        16622.9384765625,
        23756.840625,
        25960.38515625
    ],
    "val_loss": [
        27488.626953125,
        17739.865234375,
        14707.6533203125
    ],
    "lr": [
        0.001,
        0.001,
        0.0005
    ],
    "timestamp": "20250113_160838"
}