{
    "train_loss": [
        32099.283984375,
        17817.831640625,
        17005.307421875
    ],
    "val_loss": [
        25183.271484375,
        22436.259765625,
        10442.0390625
    ],
    "lr": [
        0.001,
        0.001,
        0.0005
    ],
    "timestamp": "20250113_170710"
}