{
    "train_loss": [
        1534480379.671233,
        1995385.8767123288,
        114147.58342251713,
        24181.834104773116,
        10741.474234803081,
        6943.084037885274,
        4794.040968803511,
        3923.191600224743,
        3509.909423828125,
        3254.125588613014,
        3075.268367401541,
        2990.2841964094605,
        2943.2274253531677,
        2915.136661895334,
        2894.5562827750427,
        2881.525290293236,
        2876.5878237371576,
        2868.3364692583477,
        2866.4222930490155,
        2863.839760140197,
        2862.7663808326197,
        2862.02989552119,
        2863.132187098673,
        2862.2009444563355,
        2861.973820098459,
        2861.2638725385273,
        2861.157821864298,
        2860.8895347281677,
        2860.470318519906,
        2860.918396832192,
        2859.259381019906,
        2860.419142631635,
        2860.742515250428,
        2860.686847843536,
        2860.5194677065497,
        2859.7174523758563,
        2860.008728863442,
        2860.676185921447,
        2859.5220897099744,
        2858.9298179312927,
        2858.9351856806506,
        2858.4186376284247,
        2859.4485264608306,
        2858.8013966181506,
        2858.5574934449915,
        2860.9927928349744,
        2859.3002829355737,
        2859.830951011344,
        2860.6989411654536,
        2858.839763484589
    ],
    "val_loss": [
        13368375.555555556,
        231373.94618055556,
        47810.181640625,
        16839.63302951389,
        10070.334418402777,
        6819.817762586806,
        5413.920030381944,
        4668.1357421875,
        4315.773057725694,
        4063.9010959201387,
        3940.9593912760415,
        3874.925238715278,
        3836.1282552083335,
        3819.111870659722,
        3809.2952473958335,
        3796.1133626302085,
        3796.7821180555557,
        3784.5576171875,
        3785.9684787326387,
        3785.8697374131943,
        3787.2733018663193,
        3788.070610894097,
        3787.7830946180557,
        3788.128960503472,
        3782.2425401475693,
        3792.9373372395835,
        3792.0486653645835,
        3780.4328884548613,
        3780.8494466145835,
        3780.852105034722,
        3783.840915256076,
        3786.308648003472,
        3783.3974609375,
        3779.9548068576387,
        3783.100775824653,
        3785.0037434895835,
        3778.634765625,
        3785.4170735677085,
        3782.2834743923613,
        3788.372802734375,
        3784.1984592013887,
        3783.1806911892363,
        3784.2060818142363,
        3777.9622667100693,
        3783.7947048611113,
        3783.4388020833335,
        3785.4300130208335,
        3782.257269965278,
        3786.519965277778,
        3785.9553493923613
    ],
    "lr": [
        0.001,
        0.001,
        0.001,
        0.001,
        0.001,
        0.001,
        0.001,
        0.001,
        0.001,
        0.001,
        0.001,
        0.001,
        0.001,
        0.001,
        0.001,
        0.001,
        0.001,
        0.001,
        0.001,
        0.001,
        0.0005,
        0.0005,
        0.0005,
        0.0005,
        0.0005,
        0.0005,
        0.0005,
        0.0005,
        0.0005,
        0.0005,
        0.0005,
        0.0005,
        0.0005,
        0.0005,
        0.0005,
        0.0005,
        0.0005,
        0.0005,
        0.0005,
        0.0005,
        0.00025,
        0.00025,
        0.00025,
        0.00025,
        0.00025,
        0.00025,
        0.00025,
        0.00025,
        0.00025,
        0.00025
    ],
    "timestamp": "20250114_133933"
}