{
    "train_loss": [
        15870.5056640625,
        9759.34931640625,
        2549.52041015625
    ],
    "val_loss": [
        12542.5810546875,
        1125.42626953125,
        863.8168334960938
    ],
    "lr": [
        0.001,
        0.001,
        0.0005
    ],
    "timestamp": "20250113_170711"
}